<?xml version="1.0" encoding="UTF-8"?>
<!DOCTYPE configuremap [
  <!ELEMENT configuremap (configure)+>
  <!ATTLIST configuremap xmlns CDATA #FIXED ''>
  <!ELEMENT configure EMPTY>
  <!ATTLIST configure xmlns CDATA #FIXED '' name NMTOKEN #REQUIRED
    value CDATA #REQUIRED>
]>
<!--
  ImageMagick build configuration.
-->
<configuremap>
  <configure name="CC" value="gcc"/>
  <configure name="CFLAGS" value="-I/root/build/cache/include -I/root/build/cache/include -I/root/build/cache/include -I/root/build/cache/include/libpng16 -I/root/build/cache/include/openjpeg-2.4 -I/root/build/cache/include -I/root/build/cache/include -Wall -g -O2 -mtune=westmere -fexceptions -pthread -DMAGICKCORE_HDRI_ENABLE=1 -DMAGICKCORE_QUANTUM_DEPTH=16 -I/root/build/cache/include -DMAGICKCORE_CHANNEL_MASK_DEPTH=32"/>
  <configure name="CHANNEL_MASK_DEPTH" value="32"/>
  <configure name="CODER_PATH" value="/root/result/lib/ImageMagick-7.1.1/modules-Q16HDRI/coders"/>
  <configure name="CONFIGURE_PATH" value="/root/result/etc/ImageMagick-7/"/>
  <configure name="CONFIGURE" value="./configure  'CPPFLAGS=-I/root/build/cache/include' 'LDFLAGS=-L/root/build/cache/lib -lstdc++' '--disable-dependency-tracking' '--disable-shared' '--enable-static' '--prefix=/root/result' '--enable-delegate-build' '--disable-installed' '--without-modules' '--disable-docs' '--without-magick-plus-plus' '--without-perl' '--without-x' '--disable-openmp' 'PKG_CONFIG_PATH=/root/build/cache/lib/pkgconfig'"/>
  <configure name="COPYRIGHT" value="Copyright (C) 1999 ImageMagick Studio LLC"/>
  <configure name="CPPFLAGS" value="-I/root/result/include/ImageMagick-7"/>
  <configure name="CXXFLAGS" value="-g -O2 -pthread"/>
  <configure name="CXX" value="g++"/>
  <configure name="DEFS" value="-DHAVE_CONFIG_H"/>
  <configure name="DELEGATES" value="bzlib heic jng jp2 jpeg lcms png tiff webp zlib"/>
  <configure name="DISTCHECK_CONFIG_FLAGS" value="'CPPFLAGS=-I/root/build/cache/include' 'LDFLAGS=-L/root/build/cache/lib -lstdc++'  --disable-deprecated  --disable-installed  --with-quantum-depth=16  --with-jemalloc=no  --with-umem=no  --with-autotrace=no  --with-dps=no  --with-fftw=no  --with-flif=no  --with-fpx=no  --with-gslib=no  --with-fontpath=  --with-rsvg=no  --with-uhdr=no  --with-wmf=no  --with-perl=no "/>
  <configure name="DOCUMENTATION_PATH" value="/root/result/share/doc/ImageMagick-7"/>
  <configure name="EXEC-PREFIX" value="/root/result"/>
  <configure name="EXECUTABLE_PATH" value="/root/result/bin"/>
  <configure name="FEATURES" value="Channel-masks(32-bit) Cipher DPC HDRI"/>
  <configure name="FILTER_PATH" value="/root/result/lib/ImageMagick-7.1.1/modules-Q16HDRI/filters"/>
  <configure name="GIT_REVISION" value="21316" />
  <configure name="HOST" value="x86_64-pc-linux-gnu"/>
  <configure name="INCLUDE_PATH" value="/root/result/include/ImageMagick-7"/>
  <configure name="LDFLAGS" value="-L/root/result/lib -L/root/build/cache/lib -lstdc++"/>
  <configure name="LIBRARY_ABSOLUTE_PATH" value="/root/result/lib/ImageMagick-7.1.1"/>
  <configure name="LIBS" value="  -L/root/build/cache/lib -llcms2    -L/root/build/cache/lib -ltiff     -ljpeg    -L/root/build/cache/lib -lpng16 -lz         -L/root/build/cache/lib -lheif   -L/root/build/cache/lib -lwebpmux -lwebpdemux -lwebp   -L/root/build/cache/lib -lwebp          -lbz2  -L/root/build/cache/lib -lopenjp2        -lz       -lm    -lpthread    "/>
  <configure name="LIB_VERSION_NUMBER" value="7,1,1,41"/>
  <configure name="LIB_VERSION" value="0x711"/>
  <configure name="NAME" value="ImageMagick"/>
  <configure name="PCFLAGS" value="-DMAGICKCORE_HDRI_ENABLE=1 -DMAGICKCORE_QUANTUM_DEPTH=16 -DMAGICKCORE_CHANNEL_MASK_DEPTH=32"/>
  <configure name="PREFIX" value="/root/result"/>
  <configure name="QuantumDepth" value="16"/>
  <configure name="RELEASE_DATE" value="2024-11-16"/>
  <configure name="SECURITY_POLICY" value="open"/>
  <configure name="SHAREARCH_PATH" value="/root/result/lib/ImageMagick-7.1.1/config-Q16HDRI"/>
  <configure name="SHARE_PATH" value="/root/result/share/ImageMagick-7"/>
  <configure name="TARGET_CPU" value="x86_64"/>
  <configure name="TARGET_OS" value="linux-gnu"/>
  <configure name="TARGET_VENDOR" value="pc"/>
  <configure name="VERSION" value="7.1.1"/>
  <configure name="WEBSITE" value="https://imagemagick.org"/>
</configuremap>
